<?xml version="1.0" encoding="UTF-8"?>
<beans xmlns="http://www.springframework.org/schema/beans"
	xmlns:p="http://www.springframework.org/schema/p" xmlns:tx="http://www.springframework.org/schema/tx"
	xmlns:aop="http://www.springframework.org/schema/aop" xmlns:xsi="http://www.w3.org/2001/XMLSchema-instance"
	xmlns:context="http://www.springframework.org/schema/context"
	xmlns:mvc="http://www.springframework.org/schema/mvc"
	xsi:schemaLocation="
       http://www.springframework.org/schema/beans 
       http://www.springframework.org/schema/beans/spring-beans-3.2.xsd  
       http://www.springframework.org/schema/mvc 
       http://www.springframework.org/schema/mvc/spring-mvc-3.2.xsd   
       http://www.springframework.org/schema/context 
       http://www.springframework.org/schema/context/spring-context-3.2.xsd">

	<!-- 注解驱动 -->
	<mvc:annotation-driven />

	<!-- 扫描包 -->
	<context:component-scan base-package="com.citic.risk" />

	<!-- 用于页面跳转,根据请求的不同跳转到不同页面，如请求index.do则跳转到/WEB-INF/jsp/index.jsp -->
	<bean id="findJsp"
		class="org.springframework.web.servlet.mvc.UrlFilenameViewController" />

	<bean class="org.springframework.web.servlet.handler.SimpleUrlHandlerMapping">
		<property name="mappings">
			<props>
				<prop key="index">findJsp</prop><!-- 表示/index转向index.jsp页面 -->
			</props>
		</property>
	</bean>

	<!-- 视图解析 -->
	<bean class="org.springframework.web.servlet.view.UrlBasedViewResolver">
		<!-- 返回的视图模型数据需要经过jstl来处理 -->
		<property name="viewClass"
			value="org.springframework.web.servlet.view.JstlView" />
		<property name="prefix" value="/WEB-INF/views/" />
		<property name="suffix" value=".jsp" />
	</bean>

	<!-- 对静态资源文件的访问 不支持访问WEB-INF目录 -->
	<mvc:default-servlet-handler />

	<!-- 对静态资源文件的访问 支持访问WEB-INF目录 -->
	<!-- <mvc:resources location="/uikit-2.3.1/" mapping="/uikit-2.3.1/**" /> -->


	<bean id="stringConverter"
		class="org.springframework.http.converter.StringHttpMessageConverter">
		<property name="supportedMediaTypes">
			<list>
				<value>text/plain;charset=UTF-8</value>
			</list>
		</property>
	</bean>

	<!-- 输出对象转JSON支持 -->
	<bean id="jsonConverter"
		class="org.springframework.http.converter.json.MappingJacksonHttpMessageConverter"></bean>
	<bean
		class="org.springframework.web.servlet.mvc.annotation.AnnotationMethodHandlerAdapter">
		<property name="messageConverters">
			<list>
				<ref bean="stringConverter" />
				<ref bean="jsonConverter" />
			</list>
		</property>
	</bean>

</beans>